{
  "NDVI": {
    "band": "NDVI",
    "buckets": [
      -0.4127647763059044,
      -0.3775080657673885,
      -0.33252202684388027,
      -0.29720604071407253,
      -0.2582159494238526,
      -0.2186977499198317,
      -0.17866315130714955,
      -0.13529785009368633,
      -0.09336930960403589,
      -0.05954327907582744,
      -0.024768614989170407,
      0.018139874697933173,
      0.05892676155700026,
      0.098553909012482,
      0.1385861401014686,
      0.1799319822288624,
      0.21970999957847923,
      0.26018065058718537,
      0.30035705702368526,
      0.3414838415260813,
      0.38148805730490104,
      0.42057720954538963,
      0.4608014220601524,
      0.5005508424811276,
      0.5402975736393073,
      0.5805122244482439,
      0.620339107641128,
      0.6604161091738753,
      0.7005641421499523,
      0.7404710301924575,
      0.7794377749222431,
      0.8154298605858642,
      0.8492666138490742,
      0.8874563154122309
    ],
    "counts": [
      4,
      4,
      16,
      37,
      86,
      155,
      258.83921568627454,
      704.9607843137256,
      4682.721568627452,
      14509.882352941171,
      7050.388235294117,
      2672.443137254902,
      1507.8941176470587,
      1202.1607843137253,
      944.1450980392158,
      652.6039215686275,
      674.3803921568627,
      687.9215686274509,
      861.7529411764706,
      1194.4549019607844,
      1565.7098039215684,
      2178.870588235293,
      2690.345098039216,
      2975.160784313725,
      3371.0862745098034,
      3665.1137254901964,
      4033.0666666666666,
      4549.368627450979,
      5082.305882352942,
      5620.803921568627,
      5500.239215686273,
      2893.9254901960794,
      228.70980392156864,
      7
    ],
    "min": -1,
    "max": 1,
    "statistics": {
      "total_pixels": 82268.25490196078,
      "mean": 0.3412346984698702,
      "min_observed": -0.4127647763059044,
      "max_observed": 0.8874563154122309
    }
  },
  "NDSI": {
    "band": "NDSI",
    "buckets": [
      -0.5741713166520146,
      -0.5376401548373262,
      -0.49734664034749787,
      -0.45858436518894985,
      -0.4223452412881417,
      -0.378233866496905,
      -0.3361597204339738,
      -0.2944038515504646,
      -0.25682190223635526,
      -0.21814993440564603,
      -0.1789064677457175,
      -0.1396386375927788,
      -0.09848537596023384,
      -0.06140909032264598,
      -0.02222742003219034,
      0.018923447891402625,
      0.05906298986124288,
      0.0988054847256534,
      0.13787711906226943,
      0.17701026124587887,
      0.21798751389863932,
      0.2576417948532842,
      0.2977897004156004,
      0.33577961840109816,
      0.38195209914839745,
      0.41415425358781754,
      0.4570597072302749,
      0.4901584253480557
    ],
    "counts": [
      4,
      13,
      29.635294117647057,
      45,
      54,
      100,
      164.30588235294118,
      691.0509803921569,
      2642.050980392159,
      5328.317647058821,
      8585.101960784314,
      10777.992156862741,
      15143.282352941178,
      15678.756862745096,
      8525.92156862746,
      5187.729411764706,
      3828.737254901961,
      2622.7607843137253,
      1551.3764705882352,
      691.2352941176472,
      301,
      157,
      80,
      36,
      17,
      9,
      3,
      1
    ],
    "min": -1,
    "max": 1,
    "statistics": {
      "total_pixels": 82268.25490196078,
      "mean": -0.08284839742493388,
      "min_observed": -0.5741713166520146,
      "max_observed": 0.4901584253480557
    }
  },
  "BI": {
    "band": "BI",
    "buckets": [
      -0.5343167653547681,
      -0.49983665698138596,
      -0.4551658948805559,
      -0.4165179453530977,
      -0.3786422272721933,
      -0.3357456092006275,
      -0.29382080495965784,
      -0.25915024744949294,
      -0.21684332129763884,
      -0.17966960337005577,
      -0.14085331143945815,
      -0.10091257162452802,
      -0.06100693562719388,
      -0.021018252548600114,
      0.019412002056102134,
      0.059209515834701285,
      0.09932335328553292,
      0.13801501601897925,
      0.1757057239078989,
      0.21639592311161732,
      0.2555720641973522,
      0.2821442648797793
    ],
    "counts": [
      3,
      7,
      17,
      39,
      84.14509803921568,
      303.89019607843136,
      1472.2078431372547,
      4035.568627450981,
      8017.647058823525,
      14181.737254901973,
      15292.807843137258,
      10240.827450980392,
      7960.32549019608,
      6165.282352941176,
      4869.972549019607,
      3922.58431372549,
      2907.6117647058827,
      1943.862745098039,
      647.1921568627453,
      138.5921568627451,
      17,
      1
    ],
    "min": -1,
    "max": 1,
    "statistics": {
      "total_pixels": 82268.2549019608,
      "mean": -0.10573275061294855,
      "min_observed": -0.5343167653547681,
      "max_observed": 0.2821442648797793
    }
  },
  "CI": {
    "band": "CI",
    "buckets": [
      -0.4568764568764569,
      -0.4111486151333049,
      -0.3714302211123598,
      -0.33501704841408514,
      -0.2952390585958549,
      -0.25796606462379784,
      -0.2194290646924842,
      -0.17920341783419,
      -0.13938649602468478,
      -0.10224698507262955,
      -0.06081371718869854,
      -0.021482199643678916,
      0.019128056943801545,
      0.05626725240008099,
      0.0945604778656464,
      0.13452294425440955,
      0.1759488810402207,
      0.21894544122583057,
      0.25060893938018663,
      0.28568096757174205,
      0.3559836189898377
    ],
    "counts": [
      1,
      8,
      91,
      632.2156862745098,
      2319.5882352941185,
      6028.054901960785,
      8836.611764705882,
      11735.603921568625,
      14784.905882352945,
      14593.30196078431,
      8700.63137254902,
      6510.4784313725495,
      4719.650980392157,
      2560.4627450980392,
      604.4588235294119,
      97.95686274509804,
      24,
      13,
      4,
      3,
      0.3333333333333333
    ],
    "min": -1,
    "max": 1,
    "statistics": {
      "total_pixels": 82268.25490196078,
      "mean": -0.1268954794428515,
      "min_observed": -0.4568764568764569,
      "max_observed": 0.3559836189898377
    }
  },
  "NDMI": {
    "band": "NDMI",
    "buckets": [
      -0.4901584253480557,
      -0.4570597072302749,
      -0.41415425358781754,
      -0.38195209914839745,
      -0.33577961840109816,
      -0.2977897004156004,
      -0.2576417948532842,
      -0.21810783171735929,
      -0.17710057780682187,
      -0.1379025116107748,
      -0.09882073583061089,
      -0.059083405681436024,
      -0.019175754180981365,
      0.02202786468552415,
      0.061368445320306886,
      0.09844331858968922,
      0.13960756516831285,
      0.1788651458014702,
      0.21809488356421197,
      0.25681553765906895,
      0.2944038515504646,
      0.3361597204339738,
      0.378233866496905,
      0.4223452412881417,
      0.45858436518894985,
      0.49734664034749787,
      0.5376401548373262,
      0.5741713166520146
    ],
    "counts": [
      1,
      3,
      9,
      17,
      36,
      80,
      157,
      299,
      692.2627450980393,
      1551.349019607843,
      2622.7607843137253,
      3826.737254901961,
      5125.729411764706,
      8575.92156862746,
      15676.756862745096,
      15145.282352941178,
      10790.992156862743,
      8572.101960784314,
      5342.317647058821,
      2643.050980392159,
      691.0509803921569,
      164.30588235294118,
      100,
      54,
      45,
      29.635294117647057,
      13,
      4
    ],
    "min": -1,
    "max": 1,
    "statistics": {
      "total_pixels": 82268.2549019608,
      "mean": 0.08284839742493386,
      "min_observed": -0.4901584253480557,
      "max_observed": 0.5741713166520146
    }
  },
  "BSI": {
    "band": "BSI",